State,Year,Total Revenues,Total Expenditures,Enrollment,Average Math Score (4th Grade),Average Math Score (8th Grade),Average Reading Score (4th Grade),Average Reading Score (8th Grade)
AL,1990,,,,,252.8636599,,
AL,1992,,,,208.3278759,252.1875224,207.3584922,
AL,1993,2827391,2833433,727716,,,,
AL,1994,2970223,3103266,730004,,,207.9635172,
AL,1995,3367437,3353363,727480,,,,
AL,1996,3365113,3572283,735912,211.6469735,256.5948632,,
AL,1997,3981788,3963624,737386,,,,
AL,1998,4140537,4245033,739321,,,210.9207675,255.2266348
AL,1999,4471546,4622810,737639,,,,
AL,2000,4885917,5003267,730184,217.941053,262.1582055,,
AL,2001,4832946,5086045,728532,,,,
AL,2002,5128559,5147821,726367,,,206.8800295,252.5017054
AL,2003,5196054,5298932,727900,223.3446426,261.9390222,207.0838476,253.1725937
AL,2004,5356113,5450269,730418,,,,
AL,2005,5889966,5904664,729342,225.0712362,262.2111,207.752033,251.9783912
AL,2006,6364028,6591429,743265,,,,
AL,2007,7069040,7196459,743273,228.520018,266.0001099,216.3889539,251.9368814
AL,2008,7726213,7847387,742919,,,,
AL,2009,7186390,7815467,745668,227.9626504,268.5241203,216.2733559,254.8952466
AL,2010,7281058,7647571,748889,,,,
AL,2011,7376725,7411768,746933,231.286019,269.0965158,220.2734133,258.4210904
AL,2012,7136949,7222161,744621,,,,
AL,2013,7197439,7487741,744548,232.8613325,269.1942806,218.5759534,257.4278382
AL,2014,7357267,7587737,740081,,,,
AL,2015,7360222,7501799,734974,230.9774227,266.5553185,217.0490898,258.7537615
AL,2016,7498567,7708845,734652,,,,
AL,2017,,,,232.1706877,268.3120202,216.4198135,257.6865203
AK,1993,1191398,1126398,121156,,,,
AK,1994,1052282,1116160,123868,,,,
AK,1995,1117068,1203817,125421,,,,
AK,1996,1120346,1240031,126189,223.8334546,277.6430714,,
AK,1997,1131950,1237103,128143,,,,
AK,1998,1206195,1222893,130633,,,,
AK,1999,1243227,1289988,133508,,,,
AK,2000,1313510,1386904,132822,,,,
AK,2001,1325498,1402839,131985,,,,
AK,2002,1377767,1523327,133010,,,,
AK,2003,1425948,1610289,133303,232.9916543,279.0250699,211.5471536,256.4096253
AK,2004,1477152,1647250,133153,,,,
AK,2005,1599739,1751718,132568,235.5107055,278.9587094,211.0613186,258.7212747
AK,2006,1625138,1817656,132893,,,,
AK,2007,1800616,1938755,132197,237.2738932,282.5571541,214.4769544,258.7984559
AK,2008,2188587,2274819,130624,,,,
AK,2009,2158970,2396412,130236,237.2122843,283.0476628,211.1273683,259.4494265
AK,2010,2230338,2371251,131265,,,,
AK,2011,2357828,2443898,131704,236.359658,283.2727979,207.9236959,261.285252
AK,2012,2383402,2483320,130771,,,,
AK,2013,2545117,2665933,131091,236.1220044,281.5595728,209.3472882,261.2560926
AK,2014,2663647,2727056,130539,,,,
AK,2015,2920986,2968341,130755,236.328417,280.4934562,212.7926002,260.3170188
AK,2016,2494691,2623014,132477,,,,
AK,2017,,,,230.4562776,277.0155718,207.0376301,257.6674968
AZ,1990,,,,,259.5900676,,
AZ,1992,,,,215.253932,265.3662778,209.4020648,
AZ,1993,3427976,3623946,676297,,,,
AZ,1994,3566586,3803379,708482,,,206.2127155,
AZ,1995,3815218,4056279,735018,,,,
AZ,1996,4143304,4391555,764681,217.5759405,267.8748343,,
AZ,1997,4343262,4432360,783552,,,,
AZ,1998,4675296,4726098,794331,,,206.5297884,260.800208
AZ,1999,5085826,5072471,814157,,,,
AZ,2000,5479168,5397194,814807,218.7666191,270.7154059,,
AZ,2001,5916342,5858385,834387,,,,
AZ,2002,6192222,6018188,859588,,,205.3472754,256.7349114
AZ,2003,6529894,6210287,875111,228.9113961,271.1773505,208.8728014,255.3201152
AZ,2004,7117923,6731212,895927,,,,
AZ,2005,7550109,7136794,919875,229.8006731,274.30509,207.1427366,254.7879382
AZ,2006,8084068,7934177,947266,,,,
AZ,2007,8724434,8709531,969875,231.9369335,275.5484264,209.5206243,254.8287924
AZ,2008,9272152,9581201,987332,,,,
AZ,2009,8802515,9580393,981303,229.9911052,277.332282,209.9892695,257.5952755
AZ,2010,8828122,8812967,963517,,,,
AZ,2011,8429186,8610417,946571,235.157597,279.0335017,212.3950499,260.1480052
AZ,2012,7934798,8054662,942738,,,,
AZ,2013,8164324,7600581,941726,240.3049115,279.722268,213.1341315,260.4482872
AZ,2014,8361708,8109460,943937,,,,
AZ,2015,8230507,7902600,944978,237.6117554,282.9194894,215.3113365,262.7693918
AZ,2016,8503034,7987011,938274,,,,
AZ,2017,,,,234.4357882,282.2481453,215.4659519,262.9574567
AR,1990,,,,,256.2139901,,
AR,1992,,,,210.2060281,256.3120904,210.8997683,
AR,1993,1346909,1376067,311432,,,,
AR,1994,1393287,1445984,312695,,,208.6344584,
AR,1995,2057550,2155067,447757,,,,
AR,1996,2183384,2297381,452907,215.846436,261.6527453,,
AR,1997,2355859,2379496,457349,,,,
AR,1998,2567380,2536027,456355,,,208.8377158,255.7265305
AR,1999,2684966,2650808,451981,,,,
AR,2000,2844855,2683400,450751,217.0628695,261.3637127,,
AR,2001,2974588,2951677,449693,,,,
AR,2002,3147921,3087453,449161,,,212.8817972,260.1348707
AR,2003,3241275,3242799,450158,229.0065887,265.7715893,213.6153045,257.998089
AR,2004,3385818,3539569,453491,,,,
AR,2005,3978240,3999608,461667,235.545467,271.6363484,217.0715289,257.6917319
AR,2006,4247664,4343877,472609,,,,
AR,2007,4415981,4779308,474532,237.6706874,273.8998622,217.0278177,257.9609958
AR,2008,4608356,4720720,476110,,,,
AR,2009,4753142,5017352,474423,237.5405919,275.9995,216.1515814,258.0485802
AR,2010,5069272,5520387,474897,,,,
AR,2011,5176362,5669431,475551,237.810157,279.088205,216.514864,259.1409378
AR,2012,5169926,5299969,475671,,,,
AR,2013,5067546,5226339,477716,239.8905221,277.9148025,218.5238853,261.9644908
AR,2014,5193218,5242672,479881,,,,
AR,2015,5308625,5350543,479682,235.2154697,275.0647564,218.0774962,258.768268
AR,2016,5401016,5434193,479177,,,,
AR,2017,,,,233.8481437,273.7599073,216.1080257,259.9557985
CA,1990,,,,,256.3248201,,
CA,1992,,,,208.3989609,260.8922468,202.2475264,
CA,1993,28043338,28110986,5129788,,,,
CA,1994,23440845,23012688,4120498,,,196.7644141,
CA,1995,29512214,30097549,5299405,,,,
CA,1996,31282981,31561692,5460484,209.1290827,262.7724784,,
CA,1997,35614934,33862281,5595836,,,,
CA,1998,39183018,38087666,5727224,,,201.9125907,253.2129518
CA,1999,41393435,40834643,5839207,,,,
CA,2000,46628207,45829753,5941946,213.5651251,262.1710266,,
CA,2001,53288943,52082540,6045030,,,,
CA,2002,54727056,56464225,6136915,,,205.9165877,250.4508033
CA,2003,59815855,59749885,6226552,227.4549818,267.0495006,205.6324371,251.0075004
CA,2004,60162326,62647953,6284502,,,,
CA,2005,62171797,66196072,6307022,230.3669575,268.5581286,206.5120265,250.4310564
CA,2006,66302860,68722432,6295994,,,,
CA,2007,72516936,73225422,6288686,230.0340912,270.381784,208.522186,251.2877915
CA,2008,74626928,76618865,6258421,,,,
CA,2009,73958896,74766086,6234155,231.6749272,270.4485881,209.7624054,252.6313808
CA,2010,67356719,71227111,6213958,,,,
CA,2011,70953331,69847705,6202604,234.1649932,272.7698031,211.358636,254.9352183
CA,2012,69016392,70191877,6203034,,,,
CA,2013,68868516,69727119,6208733,233.6544646,275.9013507,212.5459679,261.5024557
CA,2014,72389126,72506810,6224685,,,,
CA,2015,78248042,78365958,6226523,231.549345,275.324573,212.6779485,258.9868426
CA,2016,89217262,85320133,6217031,,,,
CA,2017,,,,232.262941,276.6382001,215.4218142,262.52063
CO,1990,,,,,267.3662899,,
CO,1992,,,,221.0234291,272.3984329,216.5253605,
CO,1993,3058326,3028305,539538,,,,
CO,1994,3061865,3113755,549570,,,213.4808903,
CO,1995,3709875,3766191,639805,,,,
CO,1996,3891203,4075165,655679,225.8058575,275.6082142,,
CO,1997,4133275,4398196,672634,,,,
CO,1998,4359021,4739136,686360,,,221.6532433,263.5421958
CO,1999,4740254,5040224,698402,,,,
CO,2000,5073266,5444193,707436,,,,
CO,2001,5372784,5727966,723696,,,,
CO,2002,5849588,6237142,741319,,,,
CO,2003,6297242,6685029,751049,235.1931161,283.3998585,223.660982,267.5926409
CO,2004,6527456,6869975,756319,,,,
CO,2005,6910296,7284280,765388,239.2158745,280.8240073,223.65613,264.7581061
CO,2006,7295561,7803324,778842,,,,
CO,2007,7689014,8039146,790211,240.2058902,286.1927562,223.7326529,266.4078816
CO,2008,8070129,8884786,796824,,,,
CO,2009,8310673,8682489,812068,243.13244,287.3729075,225.6966406,265.5131199
CO,2010,8793676,8914338,825242,,,,
CO,2011,8747471,8676451,834832,244.4560971,291.7426729,223.4338436,270.6362043
CO,2012,8616009,8472536,843120,,,,
CO,2013,8826868,8699125,851063,246.975708,289.6818001,226.6632196,271.0090869
CO,2014,9162406,9286626,865231,,,,
CO,2015,9648297,9557682,872320,241.5635756,285.5391887,224.0232249,268.0732253
CO,2016,10123271,9878524,880678,,,,
CO,2017,,,,240.6950166,286.2477175,224.6916187,270.3386885
CT,1990,,,,,269.866419,,
CT,1992,,,,226.79848,273.7393446,221.6126425,
CT,1993,4064158,4079943,471918,,,,
CT,1994,4268860,4132350,479522,,,222.4175986,
CT,1995,4420632,4252186,489513,,,,
CT,1996,4686025,4538234,499815,232.0265739,279.5912449,,
CT,1997,4788489,4642835,507838,,,,
CT,1998,5024673,4810851,515141,,,231.5983046,271.5667703
CT,1999,5460213,5269517,522415,,,,
CT,2000,5884078,5605280,530363,234.2433747,281.9024856,,
CT,2001,6331569,5987680,537521,,,,
CT,2002,6644334,6475918,543829,,,229.3811428,267.0320728
CT,2003,6959891,6751815,548466,240.6152416,283.7298112,228.340615,267.2180754
CT,2004,7276945,7087023,552505,,,,
CT,2005,7898694,7452057,552512,242.1207324,281.068953,225.7530197,264.0127592
CT,2006,8436197,7982143,549744,,,,
CT,2007,8913149,8685421,549230,242.7556468,282.4727901,227.2036492,267.0556914
CT,2008,9322225,9046750,544417,,,,
CT,2009,9681268,9323053,539250,244.7177427,288.6085135,228.9721167,271.8101332
CT,2010,9726922,9542108,534800,,,,
CT,2011,9783168,9439182,530132,242.4134069,286.9999447,227.4273043,274.6813995
CT,2012,10070907,9791336,522451,,,,
CT,2013,10319361,9758850,517812,243.4402974,285.2439723,229.5815994,274.4595425
CT,2014,10743919,10201500,511082,,,,
CT,2015,11099837,10542667,505366,240.1594689,283.9566773,228.9475434,273.0480304
CT,2016,11419673,10826431,499494,,,,
CT,2017,,,,239.2376509,284.1443303,228.3553124,272.5377115
DE,1990,,,,,260.6968587,,
DE,1992,,,,217.8999724,262.8685854,212.9234501,
DE,1993,683954,694534,104355,,,,
DE,1994,705798,732323,103782,,,206.3890517,
DE,1995,802018,772669,106813,,,,
DE,1996,860410,823530,108461,215.0251017,266.7336733,,
DE,1997,898926,889631,110245,,,,
DE,1998,934530,915207,111428,,,212.0025633,255.8823272
DE,1999,1004472,960335,112320,,,,
DE,2000,1098555,1040480,112743,,,,
DE,2001,1153831,1175717,112055,,,,
DE,2002,1180255,1246284,111331,,,224.3035584,267.2741902
DE,2003,1242436,1317447,111282,235.8594245,277.1583689,223.9288114,264.5320515
DE,2004,1334523,1373416,111520,,,,
DE,2005,1431710,1480157,112562,239.7169124,280.9535428,225.8384591,266.0093654
DE,2006,1544615,1646885,114371,,,,
DE,2007,1694929,1705204,114678,241.7948949,282.9920827,225.0705423,264.5448307
DE,2008,1694998,1746925,114062,,,,
DE,2009,1718993,1798244,116804,239.4905694,283.829473,225.5130868,264.9989661
DE,2010,1733458,1758988,117628,,,,
DE,2011,1759170,1808905,119878,240.3598324,282.7699664,225.1305111,265.8394755
DE,2012,1855867,1915966,118624,,,,
DE,2013,1930466,1924626,118685,243.1077582,282.3382986,225.7716512,265.9849815
DE,2014,1954374,1988535,120623,,,,
DE,2015,2017075,1975093,121845,238.6780188,279.8102438,223.6986968,262.6132907
DE,2016,2043577,2041952,121225,,,,
DE,2017,,,,236.1275617,278.0234989,221.4822174,263.0890898
DC,1990,,,,,231.3661967,,
DC,1992,,,,192.6005531,234.9246213,188.1398873,
DC,1993,721151,719440,80937,,,,
DC,1994,735720,769818,80678,,,178.5576117,
DC,1995,700111,708224,80450,,,,
DC,1996,678874,703245,79802,187.13467,232.8315095,,
DC,1997,711625,686059,78648,,,,
DC,1998,706938,716740,77111,,,181.6269905,236.3791018
DC,1999,758072,738942,71889,,,,
DC,2000,881423,858807,70762,193.2897745,234.4287981,,
DC,2001,1042261,1026146,68925,,,,
DC,2002,1138126,1145684,68449,,,190.5180731,239.8105247
DC,2003,1114061,1105963,67522,204.9198504,243.0596382,188.3744785,238.7007333
DC,2004,1081501,1087040,65099,,,,
DC,2005,1109605,1085658,62306,211.1222985,245.2157808,190.7873557,238.203093
DC,2006,1092863,1081887,59616,,,,
DC,2007,1148358,1140506,56943,213.6988988,248.1987424,197.0859504,240.7936248
DC,2008,1224312,1224785,58191,,,,
DC,2009,801008,805362,44331,219.260141,253.5951869,201.9846377,242.4904243
DC,2010,1195934,1290048,43866,,,,
DC,2011,1283071,1297175,44199,221.8082831,260.4668778,200.6279879,242.0563682
DC,2012,1331006,1189542,44618,,,,
DC,2013,1300036,1308438,44179,228.5672539,265.2593657,205.6139369,247.7391537
DC,2014,1342220,1313289,44942,,,,
DC,2015,1382282,1360942,46155,231.3075251,263.0597763,212.3053477,247.6534449
DC,2016,1329719,1322563,48336,,,,
DC,2017,,,,231.3204621,265.7797706,213.3820088,246.7877554
DoDEA,1998,,,,,,,269.1646662
DoDEA,2002,,,,,,,272.9137446
DoDEA,2003,,,,,,,271.7909687
DoDEA,2005,,,,,,,270.5087409
DoDEA,2007,,,,,,,272.6925529
DoDEA,2009,,,,,,,272.4593163
DoDEA,2011,,,,,,,272.34996
DoDEA,2013,,,,,,,276.9943674
DoDEA,2015,,,,,,,277.1913634
DoDEA,2017,,,,,,,280.49913
FL,1990,,,,,255.3184287,,
FL,1992,,,,213.6897512,259.9088482,208.308035,
FL,1993,11370156,11425183,1980569,,,,
FL,1994,12315950,12469073,2039884,,,204.8826063,
FL,1995,13242710,13473977,2107514,,,,
FL,1996,13684457,13936240,2175352,215.7635826,263.6393936,,
FL,1997,14363709,14564750,2241298,,,,
FL,1998,15595671,15155383,2292161,,,207.2976094,253.3348267
FL,1999,17093036,16156822,2333567,,,,
FL,2000,17558787,17180954,2377271,,,,
FL,2001,18467090,18389394,2431884,,,,
FL,2002,18541689,19051049,2500179,,,214.4045976,261.0536559
FL,2003,19549835,20180142,2536699,233.7288115,271.3714902,218.0144882,257.3013198
FL,2004,21623923,21896220,2592997,,,,
FL,2005,23216404,23857012,2645280,238.9306496,274.0483769,219.4652222,255.77997
FL,2006,25423686,26609155,2663973,,,,
FL,2007,28898362,29849892,2656176,242.02025,277.3834973,223.5349268,259.7907207
FL,2008,30001821,31219589,2645680,,,,
FL,2009,26494500,28867429,2623067,241.9449094,279.3352641,225.6734073,264.3620409
FL,2010,26231141,27267009,2627390,,,,
FL,2011,26453693,26991946,2636404,239.826451,277.8370352,224.5285854,262.1213748
FL,2012,24139266,25352047,2658559,,,,
FL,2013,24681548,25245400,2680074,241.6758096,280.8558396,227.4631766,265.8282971
FL,2014,26077462,26523658,2708022,,,,
FL,2015,26971491,27277049,2743641,242.6643209,275.323818,227.188969,263.3830014
FL,2016,28125598,27945116,2776933,,,,
FL,2017,,,,246.3676958,279.1204152,228.2726221,266.553369
GA,1990,,,,,258.8496634,,
GA,1992,,,,215.5949062,259.3594336,212.3408899,
GA,1993,4716559,4647974,893557,,,,
GA,1994,6824191,6597359,1235304,,,206.8441747,
GA,1995,7052825,7292267,1270948,,,,
GA,1996,7764687,7934236,1311126,215.4558617,262.4660209,,
GA,1997,8248199,8483477,1346761,,,,
GA,1998,9207163,8990897,1375980,,,209.8187039,257.0731541
GA,1999,10380164,10106670,1401291,,,,
GA,2000,11197766,10884510,1422941,219.5567571,266.3320473,,
GA,2001,12271962,11853800,1444937,,,,
GA,2002,13042229,12690343,1470634,,,214.8184375,258.0054816
GA,2003,13524807,13516783,1495819,230.2549768,269.6770092,213.5972193,257.714825
GA,2004,14136215,13779680,1522424,,,,
GA,2005,14724731,14492666,1552758,233.6357378,272.1915644,214.4309205,256.8723815
GA,2006,16165924,15839227,1597682,,,,
GA,2007,17755989,17389530,1628409,235.2090171,274.7786646,218.8881713,258.7049928
GA,2008,18683630,19172087,1646010,,,,
GA,2009,17972839,19025136,1649598,236.0295729,277.5611997,217.8481057,260.2445245
GA,2010,17839851,17834488,1660643,,,,
GA,2011,18030043,17187481,1666039,238.3665421,278.4836192,220.8107201,262.3586434
GA,2012,17559894,17400209,1669156,,,,
GA,2013,17459504,17317504,1682620,240.0472366,279.1791109,221.8367125,264.6157135
GA,2014,17821620,17668352,1699185,,,,
GA,2015,18584666,18501103,1717805,236.4525193,278.7117968,222.0134973,262.2686053
GA,2016,19403453,19158388,1727085,,,,
GA,2017,,,,236.383603,281.0354875,219.6829252,266.3304408
HI,1990,,,,,251.0213165,,
HI,1992,,,,214.0566661,257.4108874,203.4266281,
HI,1993,1062475,1063090,177448,,,,
HI,1994,1133949,1146267,181212,,,200.8802722,
HI,1995,1173579,1157159,183869,,,,
HI,1996,1199019,1231550,187104,214.9655616,262.1300817,,
HI,1997,1213792,1241375,187653,,,,
HI,1998,1279125,1266378,189887,,,199.7016816,249.6897555
HI,1999,1328572,1357649,188069,,,,
HI,2000,1404895,1363511,185860,215.8467986,262.7725605,,
HI,2001,1682332,1363164,184360,,,,
HI,2002,1889600,1436637,184546,,,207.5854427,251.6131316
HI,2003,2078877,1602392,183829,226.8346102,265.728581,208.2595675,251.2848019
HI,2004,2138137,1734591,183609,,,,
HI,2005,2274166,1765805,183185,230.0968754,265.6293191,209.5787676,248.505423
HI,2006,2705532,1939968,182818,,,,
HI,2007,2985593,2199604,180728,234.286135,268.7720134,213.496555,251.3308107
HI,2008,2541703,2242408,179897,,,,
HI,2009,2689758,2318671,179478,235.6797808,273.7586067,210.6164187,254.7389799
HI,2010,2564856,2215458,180196,,,,
HI,2011,2499513,2259104,179601,238.8219278,277.8362111,213.6145712,257.1880104
HI,2012,2535038,2344733,182706,,,,
HI,2013,2331770,2345917,184760,243.3086189,281.4129223,214.8438799,259.9605695
HI,2014,2696766,2504144,186825,,,,
HI,2015,2703683,2521004,182384,237.8958068,279.340145,215.124313,257.3504398
HI,2016,3030519,2733094,181995,,,,
HI,2017,,,,237.9197687,277.3368458,216.3645366,260.9823189
ID,1990,,,,,271.4497726,,
ID,1992,,,,221.5625345,275.0902941,219.3170282,
ID,1993,890835,899819,231632,,,,
ID,1994,949999,974781,236774,,,,
ID,1995,1083215,1108075,240448,,,,
ID,1996,1134052,1198223,243097,,,,
ID,1997,1200186,1293705,245252,,,,
ID,1998,1310960,1342719,244403,,,,
ID,1999,1405250,1409367,244623,,,,
ID,2000,1452222,1467977,245226,226.8937845,277.9179135,,
ID,2001,1571348,1535485,243926,,,,
ID,2002,1625444,1666027,244937,,,220.217617,266.4997692
ID,2003,1685984,1726941,248515,234.9437647,279.9392668,218.2598855,264.4397757
ID,2004,1733838,1744954,252037,,,,
ID,2005,1796035,1819519,253782,241.6501157,280.9668966,221.8595114,264.3017438
ID,2006,1875346,1903720,258314,,,,
ID,2007,2011951,1960472,262935,240.9028435,283.5075958,223.4040653,264.8863424
ID,2008,2151476,2001328,265844,,,,
ID,2009,2182273,2078446,267951,241.0428023,287.3052151,221.0229244,264.837185
ID,2010,2177999,2098737,266613,,,,
ID,2011,2089982,1960818,265713,240.3288325,286.6750633,220.8297706,268.0146716
ID,2012,1981482,1911706,267556,,,,
ID,2013,2015534,1967676,272070,240.7220198,286.4138816,219.302986,270.2241686
ID,2014,2084970,2012852,281452,,,,
ID,2015,2167967,2029520,274131,238.7996247,283.7423253,221.6900662,268.5534796
ID,2016,2266490,2100980,274849,,,,
ID,2017,,,,239.9675141,284.3717329,222.7910657,269.6730954
IL,1990,,,,,260.5514343,,
IL,1993,10584624,10744695,1856841,,,,
IL,1994,11309803,10743708,1875956,,,,
IL,1995,12236673,11821661,1897161,,,,
IL,1996,12732129,12423100,1924970,,,,
IL,1997,13929105,13920593,1952892,,,,
IL,1998,14688777,15207067,1972406,,,,
IL,1999,16208970,16783840,1987427,,,,
IL,2000,17595047,18073190,2003839,224.9304113,276.909459,,
IL,2001,18534372,19337580,2025249,,,,
IL,2002,19084554,20563001,2047836,,,,
IL,2003,19627346,21278177,2062664,232.8567753,277.160081,216.304288,266.4089689
IL,2004,21082441,21681903,2079027,,,,
IL,2005,21611180,22035569,2072437,233.067494,277.6722389,216.48972,263.5170297
IL,2006,22724326,22622323,2097585,,,,
IL,2007,23897153,23401917,2101075,237.2870413,280.497096,219.3868114,262.8266171
IL,2008,25431714,25696866,2099118,,,,
IL,2009,26987426,27716187,2117291,238.2856688,282.431417,219.16578,264.5140023
IL,2010,28253620,28560306,2098401,,,,
IL,2011,29507584,28525858,2072114,238.8368789,283.2281347,219.3574983,265.6437294
IL,2012,29900021,29067543,2071481,,,,
IL,2013,30057886,29517831,2069823,239.000204,284.8976472,218.5401839,266.898721
IL,2014,31085621,31080869,2060632,,,,
IL,2015,32096832,32410033,2047123,237.3078138,281.9685673,222.0222677,266.8067283
IL,2016,32908958,33037244,2030717,,,,
IL,2017,,,,238.1189474,281.6179977,220.3658985,266.9285498
IN,1990,,,,,267.2659149,,
IN,1992,,,,221.0377425,270.0989439,221.1464849,
IN,1993,5833420,5668599,958052,,,,
IN,1994,6121754,6061435,963071,,,219.7632575,
IN,1995,6514934,6377558,966622,,,,
IN,1996,6422662,6644035,975455,229.3944436,275.5290368,,
IN,1997,7885141,7325086,981546,,,,
IN,1998,7656749,7649103,985690,,,,
IN,1999,8167164,8196714,986891,,,,
IN,2000,8489991,8518477,987214,234.4214288,283.0512293,,
IN,2001,9124748,8991877,987854,,,,
IN,2002,9273957,9353054,994348,,,221.8803468,264.8881211
IN,2003,8246076,9777720,999713,237.9682799,281.2209398,220.4064911,264.8325323
IN,2004,10423578,10312694,1005587,,,,
IN,2005,11653165,11071431,1014528,240.0690988,281.7149455,218.0725333,261.0136865
IN,2006,11578988,11260755,1026106,,,,
IN,2007,10458932,11462062,1034588,245.144255,285.0072109,221.6730923,264.0959609
IN,2008,11340157,10865851,1033329,,,,
IN,2009,12999357,11218398,1028259,242.6168096,286.8099779,222.6594808,265.6912406
IN,2010,14023240,11502534,1026053,,,,
IN,2011,12125155,11113533,1023220,243.836876,285.0029161,220.7313427,264.7298445
IN,2012,12395432,11351906,1006627,,,,
IN,2013,12236713,11211155,1002772,248.5967774,287.7676538,225.3323408,267.2729747
IN,2014,12399402,11136045,1007121,,,,
IN,2015,12456571,11378564,1004215,247.6521836,287.1752011,227.2788913,268.2534677
IN,2016,12732161,11535287,1002696,,,,
IN,2017,,,,246.5137501,287.7056395,226.4179947,272.0238757
IA,1990,,,,,277.9685695,,
IA,1992,,,,229.8840779,283.360009,225.4901714,
IA,1993,2880731,2889377,493957,,,,
IA,1994,2987394,2974072,497925,,,222.852939,
IA,1995,3076971,3100772,498837,,,,
IA,1996,3258040,3284185,502343,229.1261984,283.9863686,,
IA,1997,3406582,3485339,502941,,,,
IA,1998,3589705,3650286,501054,,,223.0452103,
IA,1999,3740509,3789049,498214,,,,
IA,2000,3822452,3974813,497301,232.8969349,,,
IA,2001,4068110,4211493,495080,,,,
IA,2002,4191217,4418238,485932,,,223.3306409,
IA,2003,4374803,4517990,482210,238.4766945,283.9533447,223.2711298,267.5048317
IA,2004,4396136,4443289,481226,,,,
IA,2005,4638125,4599549,478319,239.8808018,283.8109288,220.8094002,267.0031717
IA,2006,4898509,4930613,483482,,,,
IA,2007,5194536,5198975,483122,242.8195893,285.2269031,224.8947954,267.4507196
IA,2008,5496908,5495756,485114,,,,
IA,2009,5732319,5732186,487559,242.595644,284.1701786,221.4222981,264.888126
IA,2010,5744872,5941449,491255,,,,
IA,2011,6098470,6057294,493493,242.6048729,284.9208361,220.707447,264.5545275
IA,2012,6262807,6256926,495870,,,,
IA,2013,6281345,6318241,499489,245.7935055,285.0701378,223.8158046,269.0034496
IA,2014,6455928,6541553,501763,,,,
IA,2015,6714410,6772654,505311,243.3399119,286.41622,223.6293988,268.2005963
IA,2016,6919477,6972412,508014,,,,
IA,2017,,,,243.1074844,286.2394182,221.7472675,267.6756789
KS,1993,2386945,2522542,451469,,,,
KS,1994,2700587,2643192,457744,,,,
KS,1995,2826943,2756682,460905,,,,
KS,1996,2914544,3007653,463008,,,,
KS,1997,3029537,2949608,466368,,,,
KS,1998,3207670,3087318,468980,,,222.18488,267.7881954
KS,1999,3390596,3189867,469758,,,,
KS,2000,3518271,3327090,469377,231.9534346,283.6796191,,
KS,2001,3681845,3491029,468347,,,,
KS,2002,3823261,3690815,470204,,,221.9783314,269.1159357
KS,2003,4068800,3818740,470264,241.7473658,284.1910881,220.1432297,266.0116896
KS,2004,4377709,3982036,469824,,,,
KS,2005,4223632,4076597,468481,245.7820465,284.0300535,220.4687493,266.8312332
KS,2006,4648920,4439000,467279,,,,
KS,2007,5038100,4823931,468974,247.9236542,290.0325998,224.6583622,267.4137909
KS,2008,5378095,5122049,467743,,,,
KS,2009,5615208,5827751,470445,245.3086536,288.596403,223.9242133,266.7995193
KS,2010,5454128,5979429,471406,,,,
KS,2011,5538869,5662146,482692,246.2553348,289.6192827,223.5650912,267.3363958
KS,2012,5613619,5615714,485591,,,,
KS,2013,5667223,5621023,488590,246.1857019,289.5182561,223.3863688,266.8875236
KS,2014,5813985,5957954,496034,,,,
KS,2015,5991731,6175724,496920,241.0672085,283.8710963,221.0898804,266.7655306
KS,2016,6069563,6134836,495545,,,,
KS,2017,,,,241.2128046,285.2835079,223.2684292,267.4900278
KY,1990,,,,,257.0972059,,
KY,1992,,,,215.0481577,262.2412816,212.5116668,
KY,1993,2381148,2283431,489281,,,,
KY,1994,2491948,2392549,490069,,,211.5623073,
KY,1995,3508673,3415870,639992,,,,
KY,1996,3622788,3826435,639531,219.988195,266.591684,,
KY,1997,3842885,3903139,631592,,,,
KY,1998,3938009,4018512,645232,,,217.5308801,262.0617136
KY,1999,4188131,4305678,653628,,,,
KY,2000,4330089,4510972,646467,220.9935967,271.5615114,,
KY,2001,4536133,4350588,643730,,,,
KY,2002,4621025,4541670,654363,,,219.0420675,265.2467404
KY,2003,4872025,4700494,660782,228.7263433,274.2784722,219.0444173,266.1914352
KY,2004,5135262,5259909,663886,,,,
KY,2005,5444309,5750671,674502,231.4923054,273.9830272,219.9268179,263.9384184
KY,2006,6002056,6112978,679621,,,,
KY,2007,6226696,6351636,646360,235.0879202,278.7047499,222.4323142,261.965951
KY,2008,6637062,6793215,666019,,,,
KY,2009,6706922,6831006,669858,238.8359023,279.2842161,225.6062424,266.8540198
KY,2010,6881951,7092071,679901,,,,
KY,2011,7104589,7253850,672958,240.8307002,281.6088097,225.1350629,268.8339636
KY,2012,7192430,7444529,681827,,,,
KY,2013,7216175,7413896,685009,241.4699268,280.6454425,224.4275405,269.6164717
KY,2014,7229857,7346219,686789,,,,
KY,2015,7548871,7554887,688475,241.7277619,277.9472601,228.0551683,267.7729001
KY,2016,7745928,7786281,686440,,,,
KY,2017,,,,239.1782574,277.7141618,224.0805853,265.133438
LA,1990,,,,,246.442553,,
LA,1992,,,,204.1402113,249.9839259,203.6892654,
LA,1993,3438321,3427102,795719,,,,
LA,1994,3571864,3539581,798312,,,196.7622678,
LA,1995,3791795,3735603,797061,,,,
LA,1996,3879633,3815375,796087,209.02067,252.3803947,,
LA,1997,4106095,4027228,808798,,,,
LA,1998,4443468,4379797,774561,,,204.2266303,251.8918605
LA,1999,4641847,4702496,764642,,,,
LA,2000,4785331,4807097,750755,217.9637562,258.9820018,,
LA,2001,4982369,4939894,737223,,,,
LA,2002,5229238,5298267,725027,,,206.6404498,256.2683514
LA,2003,5478321,5515322,723252,226.2477291,266.3283593,204.7294875,253.4482882
LA,2004,5713792,5708535,721414,,,,
LA,2005,5975074,5941561,717625,230.2311964,267.7550308,209.1656583,252.6915933
LA,2006,6780668,6032182,648313,,,,
LA,2007,7048732,6657341,662302,230.0431193,272.3862996,207.4068055,253.2382943
LA,2008,7751886,7599993,662971,,,,
LA,2009,7984550,8053960,662774,229.4324555,272.3799067,207.4861372,253.329004
LA,2010,8091029,8125021,663802,,,,
LA,2011,8022917,8218870,665109,230.7788693,272.8433339,210.4107263,254.6883478
LA,2012,8477993,8504567,665478,,,,
LA,2013,8121179,7940880,671156,231.3663086,272.7609665,210.4549632,257.3512427
LA,2014,8352703,8140649,665441,,,,
LA,2015,8448743,8437263,661015,234.2819018,268.4323551,216.1993372,255.4694178
LA,2016,8397136,8248660,660561,,,,
LA,2017,,,,228.9717454,266.5067603,211.6005279,256.7514712
ME,1992,,,,231.6388399,278.6353841,226.8101229,
ME,1993,1368095,1321846,211511,,,,
ME,1994,1357116,1338353,211731,,,228.3800268,
ME,1995,1446745,1438795,212154,,,,
ME,1996,1485138,1465093,213601,232.2070445,284.0598574,,
ME,1997,1537085,1527663,213241,,,,
ME,1998,1611926,1601411,212038,,,225.4044552,272.6471063
ME,1999,1708133,1699835,210245,,,,
ME,2000,1792390,1842276,209012,230.568646,283.6417036,,
ME,2001,1914551,1958646,207171,,,,
ME,2002,2041986,2057022,205344,,,224.5082782,269.8212492
ME,2003,2162605,2154117,203848,237.6157104,281.9037733,223.8594938,268.3232652
ME,2004,2228749,2291174,201594,,,,
ME,2005,2324789,2325138,198745,240.6914597,281.0585409,224.5777722,269.9834438
ME,2006,2381908,2381439,195675,,,,
ME,2007,2538161,2501127,193539,242.370604,286.4722531,225.5440458,269.9201538
ME,2008,2594335,2582293,193058,,,,
ME,2009,2623127,2624504,187372,244.4557328,286.3614259,223.790428,267.7064996
ME,2010,2721365,2680693,187634,,,,
ME,2011,2654366,2728535,186835,244.2570165,288.7322976,222.0373322,269.872413
ME,2012,2611056,2625759,187247,,,,
ME,2013,2650346,2535405,184682,245.8470018,288.7311597,224.833289,269.193764
ME,2014,2675648,2550302,178709,,,,
ME,2015,2739589,2596180,176176,242.2446541,284.875477,223.7286079,268.3912363
ME,2016,2845391,2706103,179879,,,,
ME,2017,,,,239.8989945,284.0030073,221.3886026,268.9306324
MD,1990,,,,,260.7655902,,
MD,1992,,,,217.3177079,264.8254931,211.0415229,
MD,1993,4918010,4898895,751850,,,,
MD,1994,5141505,5187683,772638,,,209.6454967,
MD,1995,5580123,5610071,790938,,,,
MD,1996,5688918,5825606,805544,220.6949607,269.6814314,,
MD,1997,6040883,6217120,818583,,,,
MD,1998,6521269,6519389,830744,,,214.9298869,262.1029227
MD,1999,6850334,6892276,841671,,,,
MD,2000,7419047,7355698,846582,222.3104068,276.0143601,,
MD,2001,7864290,7981362,852920,,,,
MD,2002,8430663,8568446,860640,,,217.2111754,263.3448642
MD,2003,8700979,8732518,866743,233.0798523,277.7161125,218.6737598,261.5957319
MD,2004,9123493,8921938,869113,,,,
MD,2005,9906219,9782665,865561,238.4217067,277.9307946,220.0295858,260.7823834
MD,2006,10697117,10585292,860021,,,,
MD,2007,11674965,11541225,851640,240.3282307,285.7342652,224.7812651,265.2401215
MD,2008,13098112,12739693,845700,,,,
MD,2009,13147931,12757599,843781,243.795041,288.3415653,226.0477839,267.2980565
MD,2010,13327770,13205691,848252,,,,
MD,2011,13443940,13247697,851971,247.1065558,287.9978023,230.7828412,271.2228966
MD,2012,13752912,13212140,853778,,,,
MD,2013,13814727,13284637,859252,245.1693795,286.6413811,232.0559731,273.8019031
MD,2014,13982544,13712839,865768,,,,
MD,2015,14491642,13882823,874108,239.4997509,283.1490341,222.9441896,267.9055297
MD,2016,14409321,13992191,879196,,,,
MD,2017,,,,240.6012773,280.9102456,225.0493345,267.2505327
MA,1992,,,,226.5979178,272.7832013,226.0010892,
MA,1993,6121612,5679261,862495,,,,
MA,1994,6410757,6391131,877384,,,223.1600757,
MA,1995,7326904,6706082,893727,,,,
MA,1996,7129757,7479576,912330,228.9664026,277.565642,,
MA,1997,7585624,7479407,928519,,,,
MA,1998,7726497,8098720,942331,,,225.3098605,268.8724579
MA,1999,8388120,8673439,957402,,,,
MA,2000,9464271,9466363,958907,234.9596133,283.1232456,,
MA,2001,10613329,10572138,965934,,,,
MA,2002,11217085,11507438,959641,,,233.7484103,270.5182666
MA,2003,11591832,11382398,967200,241.6645274,286.5206945,227.6042594,272.9066451
MA,2004,11979937,12033345,962488,,,,
MA,2005,12976279,12726283,955225,247.337049,291.5135411,231.2794393,273.7160629
MA,2006,14160242,13503621,949951,,,,
MA,2007,14407777,14315518,945070,252.4303198,297.9233445,235.7534621,273.2840488
MA,2008,14633578,14631545,937677,,,,
MA,2009,15298022,15174814,932437,252.2547897,298.8543466,233.7494631,273.5892897
MA,2010,14919763,14857823,929569,,,,
MA,2011,15396681,15150898,924903,253.3964558,298.5124311,236.7738666,275.3685176
MA,2012,15763456,15696061,922683,,,,
MA,2013,16114783,16201905,920968,253.0337852,300.568235,232.373156,277.0095591
MA,2014,16609204,16518383,920558,,,,
MA,2015,16985185,16972319,916130,250.5657778,296.9085714,235.2754234,274.4975681
MA,2016,17484704,17037880,921029,,,,
MA,2017,,,,249.1026739,297.0422252,235.6996968,277.7825886
MI,1990,,,,,264.3983781,,
MI,1992,,,,219.8783523,267.3531943,216.0337331,
MI,1993,11034174,11430958,1600650,,,,
MI,1994,11762546,12023935,1601845,,,,
MI,1995,12500208,12477806,1604527,,,,
MI,1996,13012080,13071893,1631131,226.2580564,276.8660782,,
MI,1997,13759710,14235902,1684261,,,,
MI,1998,14712250,14905765,1680559,,,216.501398,
MI,1999,15248112,15837858,1696275,,,,
MI,2000,15939477,16580526,1700074,230.8869725,278.4526667,,
MI,2001,16772419,17573761,1705088,,,,
MI,2002,18055855,18881772,1724961,,,218.6133196,264.7230459
MI,2003,18488359,19680370,1764327,235.6869747,276.4418616,218.7890567,264.3782925
MI,2004,18663799,20060708,1738976,,,,
MI,2005,19106382,20489512,1721351,237.706003,277.346682,218.2606891,261.1384723
MI,2006,19714584,20626758,1714416,,,,
MI,2007,20576110,19839838,1686473,237.6055535,276.8305171,220.1184528,260.3177061
MI,2008,20441973,20703780,1661936,,,,
MI,2009,19616665,19992550,1537515,236.2797197,278.2681682,218.2355503,261.89815
MI,2010,19393461,19967017,1510716,,,,
MI,2011,19374026,18469948,1455966,236.4022137,280.176518,218.8608104,265.1940412
MI,2012,18622316,18063824,1421312,,,,
MI,2013,18270327,17468264,1381167,236.8197784,280.1335971,217.3651677,265.9429631
MI,2014,18457253,17358365,1363533,,,,
MI,2015,19025996,17742903,1345009,235.7288937,278.1686519,216.3066302,264.4967551
MI,2016,19416061,18001445,1335713,,,,
MI,2017,,,,235.5554725,279.5054547,217.753242,265.4689275
MN,1990,,,,,275.391079,,
MN,1992,,,,228.4935963,282.3922046,220.9007192,
MN,1993,4862635,5290504,781566,,,,
MN,1994,5262482,5581140,802913,,,218.3017092,
MN,1995,5744447,6155324,816695,,,,
MN,1996,6101416,6423285,827418,232.1930884,284.0489446,,
MN,1997,6304977,6890773,837847,,,,
MN,1998,6672384,6815289,841723,,,221.8301142,267.2182362
MN,1999,6949149,7450965,843802,,,,
MN,2000,7344747,7736391,839839,235.2708876,287.6519422,,
MN,2001,7836617,8221636,836386,,,,
MN,2002,8065042,8716123,832265,,,225.2585144,
MN,2003,8484497,8938770,825674,241.9122956,290.680056,222.6089623,267.7113584
MN,2004,8688315,8963393,822245,,,,
MN,2005,8777363,9082593,814660,245.7461911,290.0749958,225.2265781,268.3566729
MN,2006,9314477,9671933,812040,,,,
MN,2007,9693509,10030105,810104,246.9977624,291.8511165,224.9170043,268.1974428
MN,2008,10118118,10462624,807929,,,,
MN,2009,10353784,11193640,800831,249.4555342,294.4433201,223.3366618,269.7398201
MN,2010,10383935,10564774,799615,,,,
MN,2011,10912368,10612480,798891,249.1866861,294.9464228,222.3086724,270.1489602
MN,2012,10681609,10696348,799736,,,,
MN,2013,10848720,10942019,802454,253.4209611,294.5929726,227.0307418,271.0196546
MN,2014,11168633,11300786,804580,,,,
MN,2015,11684249,11969872,807044,249.575847,294.147778,223.35292,270.2368178
MN,2016,12186135,12848946,811157,,,,
MN,2017,,,,248.8043026,293.9623757,224.5385134,268.6168223
MS,1992,,,,201.8282612,246.4580354,199.1090624,
MS,1993,1170109,1167032,329408,,,,
MS,1994,1911579,1919812,503374,,,201.5293278,
MS,1995,2118973,2160068,503301,,,,
MS,1996,2241561,2268726,503602,208.4341186,250.2154891,,
MS,1997,2274700,2319324,503979,,,,
MS,1998,2400660,2543454,504792,,,204.3018153,250.5781316
MS,1999,2532681,2811852,502382,,,,
MS,2000,2743284,2996474,499362,210.9703503,254.0339003,,
MS,2001,2823151,2930393,496513,,,,
MS,2002,3029559,3026111,492198,,,202.7933281,255.0211927
MS,2003,3260771,3205193,491623,222.8906005,260.9119336,205.4644068,255.010828
MS,2004,3481643,3473928,492557,,,,
MS,2005,3639643,3610904,494382,226.6988447,262.4562427,204.393607,250.5306689
MS,2006,4279581,4066036,493952,,,,
MS,2007,4220926,4158733,494135,227.6123771,264.8909187,207.8095188,250.0635701
MS,2008,4449009,4363308,493302,,,,
MS,2009,4392101,4552756,491194,227.2622608,265.0019582,210.5065175,251.3056546
MS,2010,4466377,4504257,491651,,,,
MS,2011,4516742,4345783,490526,229.8680222,269.2356456,209.1880201,253.8334404
MS,2012,4477828,4423270,490619,,,,
MS,2013,4444064,4370050,492847,231.1057214,271.1609673,208.5185365,253.1478182
MS,2014,4480105,4463078,492421,,,,
MS,2015,4592343,4624539,490189,234.2430531,270.5804793,214.1106869,251.9761652
MS,2016,4755399,4631356,486245,,,,
MS,2017,,,,234.694193,270.9149075,215.2033057,256.3447011
MO,1992,,,,222.2155998,271.1315447,220.0494054,
MO,1993,4196601,4234845,834636,,,,
MO,1994,4488359,4575564,852324,,,216.8980792,
MO,1995,4852467,4957215,862505,,,,
MO,1996,5251014,5277785,873867,224.7344618,273.2848872,,
MO,1997,5550134,5527705,899750,,,,
MO,1998,5990499,5849648,909441,,,216.1825587,262.9036788
MO,1999,6238901,6228001,911563,,,,
MO,2000,6675260,6708608,913517,228.5528138,273.5757804,,
MO,2001,7081783,7100685,911673,,,,
MO,2002,7455539,7636924,909918,,,220.1717672,267.9094153
MO,2003,7622601,7905481,921625,234.8364254,278.7662503,222.2602301,267.3636733
MO,2004,7893957,7896438,914055,,,,
MO,2005,8340865,8170965,902659,235.0355476,276.4499393,221.1686228,264.6593688
MO,2006,8846493,8654672,913765,,,,
MO,2007,8908844,9245525,910142,239.4111029,280.6195383,220.7768279,263.442316
MO,2008,9335599,9900419,898350,,,,
MO,2009,9472520,10227305,893807,240.6843809,285.8080019,223.8423578,266.8764602
MO,2010,9587703,10139784,897348,,,,
MO,2011,9915356,9842505,896702,240.494831,281.9476462,220.346171,266.7620513
MO,2012,10022622,9910617,893221,,,,
MO,2013,10103589,10001763,897224,239.5483619,282.9884579,222.3341859,267.2150118
MO,2014,10256615,10324249,892992,,,,
MO,2015,10623391,10540353,892779,238.9649225,280.8214257,222.7255168,266.8763518
MO,2016,10893231,10719882,891554,,,,
MO,2017,,,,239.5022892,280.5960216,222.6810811,266.0350069
MT,1990,,,,,280.4973424,,
MT,1993,813998,833435,158875,,,,
MT,1994,878986,878084,163968,,,222.3014191,
MT,1995,911284,899635,164109,,,,
MT,1996,944623,924259,165390,227.5162361,283.00387,,
MT,1997,989991,972059,164464,,,,
MT,1998,1035636,1007146,162164,,,226.1490568,270.2134195
MT,1999,1049369,1026263,159813,,,,
MT,2000,1104935,1051768,157381,229.8120048,286.584607,,
MT,2001,1139959,1129098,154700,,,,
MT,2002,1168799,1163960,151751,,,224.162866,270.1650423
MT,2003,1205602,1214879,149801,235.7549153,285.9280226,222.7465416,269.833416
MT,2004,1270790,1241417,148168,,,,
MT,2005,1293070,1268328,146552,240.5754886,286.4320012,224.5521798,269.2241297
MT,2006,1375638,1377599,145259,,,,
MT,2007,1474306,1442434,144258,243.6188113,287.075529,226.6665326,270.93785
MT,2008,1562815,1557678,142695,,,,
MT,2009,1607935,1622485,141782,244.4007519,291.5429429,224.6517501,270.393926
MT,2010,1623971,1642886,141693,,,,
MT,2011,1631810,1655584,141529,243.7966065,292.9078043,225.1442162,272.8741408
MT,2012,1628318,1652537,142237,,,,
MT,2013,1671053,1679521,142797,243.6988846,289.228453,222.9827493,271.7657825
MT,2014,1729712,1754324,144034,,,,
MT,2015,1804339,1804841,144447,241.2870483,287.4640055,224.7573935,269.9567776
MT,2016,1800909,1879789,145240,,,,
MT,2017,,,,240.7216345,285.6004369,222.3267218,267.2082193
NE,1990,,,,,275.6739621,,
NE,1992,,,,225.3326475,277.6545234,221.176842,
NE,1993,1625242,1642376,281354,,,,
NE,1994,1710913,1769248,283962,,,220.0349631,
NE,1995,1832463,1874253,285836,,,,
NE,1996,1909834,1940808,289251,227.5439927,282.7696069,,
NE,1997,1994021,1946725,290883,,,,
NE,1998,2062836,1966403,291570,,,,
NE,1999,2212104,2062226,290383,,,,
NE,2000,2263952,2165529,287566,225.9453358,280.6180687,,
NE,2001,2355374,2344564,285331,,,,
NE,2002,2528312,2562812,283789,,,221.5652392,269.9489206
NE,2003,2600831,2623966,283934,236.2541084,282.193756,220.6118021,266.3136904
NE,2004,2734724,2667987,284170,,,,
NE,2005,2895640,2708776,284553,237.7061785,283.962991,221.3774628,267.4556943
NE,2006,3107061,2867250,285547,,,,
NE,2007,3234014,3117931,287135,238.0408086,283.6505986,222.9025543,267.0308506
NE,2008,3383157,3325663,290912,,,,
NE,2009,3522481,3523803,292161,238.7484634,284.2590935,222.5233073,267.0678566
NE,2010,3720560,3640199,294948,,,,
NE,2011,3879388,3676326,297659,239.8032687,283.1970448,223.311726,267.7038652
NE,2012,3764056,3880517,300941,,,,
NE,2013,3870164,3913038,303242,243.1579291,285.0613485,223.2527851,269.2219146
NE,2014,4005091,4008633,307398,,,,
NE,2015,4248695,4283846,312281,243.8636669,286.4985635,226.6346109,269.4262109
NE,2016,4398811,4640422,315542,,,,
NE,2017,,,,245.5906746,288.4059553,224.0962249,268.5285553
NV,1993,1148268,1265367,222846,,,,
NV,1994,1266549,1344245,235800,,,,
NV,1995,1367710,1381200,250749,,,,
NV,1996,1551169,1608989,265041,217.6226122,,,
NV,1997,1701290,1905940,282131,,,,
NV,1998,1906860,2030065,296621,,,207.5979301,256.8384013
NV,1999,2089048,2298474,311063,,,,
NV,2000,2252416,2437438,325610,220.2748665,268.1815991,,
NV,2001,2381897,2692840,339451,,,,
NV,2002,2592064,2913023,354869,,,209.1291618,251.363201
NV,2003,2778564,3009028,369498,227.5135983,268.0431377,206.9596827,252.3099157
NV,2004,3069531,3228619,385414,,,,
NV,2005,3381646,3483540,399727,229.8715955,269.9055855,207.1869744,252.8690625
NV,2006,3691628,4022979,412747,,,,
NV,2007,4006081,4346371,422782,231.7816005,270.8040244,210.8190091,252.3484739
NV,2008,4338601,4881218,428776,,,,
NV,2009,4442101,4577881,430985,235.1522739,274.1485417,211.140589,253.8409544
NV,2010,4262471,4260869,423859,,,,
NV,2011,4146577,4258855,429610,237.0318789,278.1131537,212.5751917,258.1932642
NV,2012,4053945,4109706,428526,,,,
NV,2013,4131800,4057443,431776,236.2628994,278.2866809,213.7553136,261.6959822
NV,2014,4203255,4043820,435765,,,,
NV,2015,4345419,4183085,438948,233.8270162,275.1718688,214.4255845,259.4173764
NV,2016,4482886,4374249,441623,,,,
NV,2017,,,,231.6851622,275.3654555,214.8416962,259.8064073
NH,1990,,,,,273.1472488,,
NH,1992,,,,229.6645638,278.2163256,227.7148247,
NH,1993,1109743,1091814,177722,,,,
NH,1994,1145147,1119762,181688,,,223.4661395,
NH,1995,1197945,1232465,186239,,,,
NH,1996,1269380,1295106,191004,,,,
NH,1997,1339186,1431472,193524,,,,
NH,1998,1420100,1428447,196734,,,225.7156413,
NH,1999,1498286,1491560,201252,,,,
NH,2000,1586869,1640395,203178,,,,
NH,2001,1757828,1796043,204721,,,,
NH,2002,1887115,1956047,203072,,,,
NH,2003,2028602,2122604,203702,243.1101422,286.1984687,227.7895085,270.734453
NH,2004,2194562,2236010,203359,,,,
NH,2005,2332695,2333264,202223,245.6259264,285.253357,227.4383241,269.6512703
NH,2006,2459051,2494247,201044,,,,
NH,2007,2600123,2608190,198625,248.5715266,287.557061,229.0171734,269.7345886
NH,2008,2715463,2715961,195668,,,,
NH,2009,2816162,2757401,197024,251.0717526,292.3218172,229.1445204,270.7481588
NH,2010,2906573,2856965,196648,,,,
NH,2011,2947007,3001244,189275,251.7788368,292.1087397,230.3926764,272.0786265
NH,2012,2963221,2961684,190778,,,,
NH,2013,2976317,2878534,187703,252.9935252,295.6651233,231.9983664,274.3077317
NH,2014,3042994,2960615,184846,,,,
NH,2015,3093061,3044720,183039,249.1506214,294.4130187,231.9498476,274.8067463
NH,2016,3150473,3124778,179682,,,,
NH,2017,,,,245.3198386,293.2906544,228.9006493,274.7860397
NJ,1990,,,,,269.6640759,,
NJ,1992,,,,227.148047,271.9055612,222.9636538,
NJ,1993,6747567,6641624,653488,,,,
NJ,1994,6957898,6765105,651554,,,219.3904683,
NJ,1995,11870183,11961696,1171658,,,,
NJ,1996,12389781,12469216,1193928,227.2401672,,,
NJ,1997,12910890,13242022,1216721,,,,
NJ,1998,13786951,13973201,1238948,,,,
NJ,1999,14977501,14927302,1257772,,,,
NJ,2000,15651060,15907248,1279542,,,,
NJ,2001,16854895,17144456,1301195,,,,
NJ,2002,18071365,18155147,1326196,,,,
NJ,2003,19785039,19812932,1350330,238.7765412,281.4071199,225.073328,267.7869531
NJ,2004,21398391,21467607,1363189,,,,
NJ,2005,23026334,23023365,1368959,243.9789314,283.9026042,223.2983935,269.4232281
NJ,2006,23915685,24177714,1371155,,,,
NJ,2007,25293076,25572112,1363804,248.6215224,288.5834514,230.646972,270.1415503
NJ,2008,25916004,26168480,1353191,,,,
NJ,2009,26510413,26145334,1354912,246.5298698,292.6572271,229.3944864,272.8026339
NJ,2010,26676217,26736651,1369553,,,,
NJ,2011,26242376,25716298,1399409,248.0041626,294.1387714,231.2376297,275.1831643
NJ,2012,27574528,26432652,1330300,,,,
NJ,2013,28070096,28179900,1338657,246.8709092,296.0533511,228.7197441,276.3779878
NJ,2014,28454548,27742203,1335350,,,,
NJ,2015,29335237,28809725,1339230,245.3832201,293.3659382,229.4876744,270.8537115
NJ,2016,30012666,29665476,1364473,,,,
NJ,2017,,,,247.8552312,291.6985524,232.9433185,275.0445523
NM,1990,,,,,256.4229885,,
NM,1992,,,,213.2990899,259.6067177,210.738444,
NM,1993,1217194,1223185,281407,,,,
NM,1994,1342868,1223759,286759,,,204.5359107,
NM,1995,1646265,1540683,327253,,,,
NM,1996,1750519,1642517,329661,213.844025,261.9703667,,
NM,1997,1768148,1826524,332849,,,,
NM,1998,1913783,1933538,331673,,,205.9486053,257.5324275
NM,1999,2068337,2098998,328715,,,,
NM,2000,2191695,2165031,324489,213.8683008,259.844673,,
NM,2001,2373143,2315182,319524,,,,
NM,2002,2537261,2542682,317548,,,207.5011702,253.6627563
NM,2003,2626262,2658140,320264,222.5180092,263.2729067,203.1853126,251.599156
NM,2004,2855893,2882631,323066,,,,
NM,2005,2982991,3011696,326102,224.0272183,263.275163,206.7916207,251.0333307
NM,2006,3094036,3099738,326761,,,,
NM,2007,3272953,3279467,327816,228.0643128,267.5380787,211.6318846,250.7531745
NM,2008,3569311,3599724,329045,,,,
NM,2009,3703477,3945515,328737,230.0295892,269.7042538,207.6457308,254.1291737
NM,2010,3638606,3814058,331436,,,,
NM,2011,3591330,3694437,331373,232.8403707,274.4547015,208.0141194,255.8616346
NM,2012,3478709,3616691,328690,,,,
NM,2013,3518621,3536546,327209,232.7814329,272.7618089,205.7564054,255.870077
NM,2014,3601387,3576216,326637,,,,
NM,2015,3789651,3846641,326297,231.167236,270.8975344,207.2404464,253.2277676
NM,2016,3765069,3729397,319861,,,,
NM,2017,,,,229.7042819,269.374084,207.7043535,255.5785431
NY,1990,,,,,260.7958126,,
NY,1992,,,,218.4455353,266.4223001,214.6251233,
NY,1993,22688753,23934282,2663637,,,,
NY,1994,23933662,25359726,2702937,,,211.7409208,
NY,1995,25063999,26540967,2738361,,,,
NY,1996,26026366,26974514,2788343,222.6340587,270.231486,,
NY,1997,26775074,28227561,2818497,,,,
NY,1998,27900803,29853891,2834992,,,215.7792157,266.3116623
NY,1999,30215370,31841870,2850352,,,,
NY,2000,31906526,33683043,2861478,226.5590607,276.2628588,,
NY,2001,34373567,38062603,2856277,,,,
NY,2002,35748163,39585780,2846068,,,222.4450547,263.9486365
NY,2003,38033080,41603390,2879228,235.9300755,279.749257,222.1882071,265.3297945
NY,2004,40820776,42953568,2842785,,,,
NY,2005,43936450,45086872,2816426,238.1739767,279.7162537,222.6952,265.1385618
NY,2006,47018793,48359774,2787366,,,,
NY,2007,50762544,51253984,2754976,242.5430182,280.1411772,223.7520273,263.5457165
NY,2008,53147343,54870811,2727552,,,,
NY,2009,55885116,57851481,2696688,240.6410988,282.5769154,224.3687488,264.2880575
NY,2010,55453300,60067253,2697357,,,,
NY,2011,57753776,59446908,2677412,237.5199426,280.4530261,222.4938109,265.6970283
NY,2012,58981073,60216421,2644029,,,,
NY,2013,59623918,60505950,2629805,240.3498169,281.8077878,223.8133626,266.3460632
NY,2014,61337112,62556193,2619312,,,,
NY,2015,63712218,65094591,2631532,236.796927,280.0892201,222.6463032,263.2476586
NY,2016,66912661,68282026,2590945,,,,
NY,2017,,,,235.5484573,281.688,221.8840154,264.1575842
NC,1990,,,,,250.3484872,,
NC,1992,,,,212.8844899,258.4053748,211.5459272,
NC,1993,5583166,5475174,1112636,,,,
NC,1994,5648390,5740906,1131662,,,214.3580855,
NC,1995,6076939,6217951,1155248,,,,
NC,1996,6516400,6517111,1181600,224.3251249,267.8345603,,
NC,1997,6827952,7007690,1208695,,,,
NC,1998,7516979,7688076,1230010,,,216.8374628,263.5917419
NC,1999,8476795,8674393,1244926,,,,
NC,2000,9064700,9275837,1261586,232.4630648,280.1279472,,
NC,2001,9670620,9807815,1277013,,,,
NC,2002,9701231,9882399,1296156,,,221.6340398,265.0228585
NC,2003,9907235,9989670,1314632,242.0401256,281.2403506,221.2205797,261.7116448
NC,2004,10569600,10263463,1325707,,,,
NC,2005,11098165,10917913,1347177,241.2355493,281.8251366,217.1344487,258.1601855
NC,2006,11709885,11725031,1378306,,,,
NC,2007,13063307,12794086,1416028,241.617994,283.8806688,217.9340426,259.1367031
NC,2008,13610326,13731201,1408316,,,,
NC,2009,15410564,14868070,1452064,243.7784601,284.3326353,219.2960459,259.5284866
NC,2010,16621268,14162497,1444409,,,,
NC,2011,14409515,13767024,1448117,244.5179008,286.2670282,221.3569636,262.9289563
NC,2012,12788659,13418244,1462172,,,,
NC,2013,12729402,13650536,1468228,244.8017329,285.6453884,222.2277152,264.5409997
NC,2014,13462754,13540706,1441391,,,,
NC,2015,13146934,14060699,1465031,243.7422668,281.3310911,225.8105909,260.5945566
NC,2016,13448045,14207389,1462036,,,,
NC,2017,,,,240.9513931,281.9260284,223.9309062,262.7204769
ND,1990,,,,,281.1004282,,
ND,1992,,,,228.6628153,283.2130747,225.5159507,
ND,1993,580148,588983,118793,,,,
ND,1994,603902,621313,118778,,,225.2390833,
ND,1995,642234,621904,119288,,,,
ND,1996,655971,657809,119102,230.9041832,284.222268,,
ND,1997,683331,679692,118433,,,,
ND,1998,731384,715126,116813,,,,
ND,1999,770094,756337,114546,,,,
ND,2000,812982,802768,112349,230.8929578,283.0738441,,
ND,2001,818139,814838,108788,,,,
ND,2002,846759,838666,105936,,,223.591558,268.0900265
ND,2003,882913,895278,103785,237.5773868,287.1446405,221.6422457,269.7303543
ND,2004,925393,957480,101889,,,,
ND,2005,969520,985502,100413,242.7369951,286.9609534,224.8108467,270.2437558
ND,2006,1008339,1017084,98172,,,,
ND,2007,1045678,1042175,96577,245.4158542,291.5616119,226.3254811,268.0176705
ND,2008,1104803,1085970,94959,,,,
ND,2009,1150142,1137260,94653,245.1895263,292.8424885,225.9674719,269.2399849
ND,2010,1308214,1267426,94997,,,,
ND,2011,1309044,1312226,96255,245.156416,291.9984045,225.5775263,268.6942179
ND,2012,1345371,1380563,97555,,,,
ND,2013,1405349,1516575,101025,246.4247949,290.5151113,224.083385,267.7791997
ND,2014,1568997,1597210,103272,,,,
ND,2015,1644533,1804762,106061,244.7138306,288.2441472,224.6919844,266.955323
ND,2016,1788749,1963630,108384,,,,
ND,2017,,,,244.2435153,288.1723222,221.5192659,265.0819218
OH,1990,,,,,263.9744993,,
OH,1992,,,,218.7119349,268.1241978,217.3702973,
OH,1993,10841606,10385253,1834239,,,,
OH,1994,10735756,10780138,1816817,,,,
OH,1995,11368650,11330046,1829761,,,,
OH,1996,12172778,11935582,1837628,,,,
OH,1997,12630491,12421963,1844245,,,,
OH,1998,13577343,13005301,1846585,,,,
OH,1999,14507056,13865260,1834379,,,,
OH,2000,15327834,14909952,1822566,230.5742166,282.6727535,,
OH,2001,16693845,16282257,1821546,,,,
OH,2002,17589983,17608944,1796603,,,222.4359654,268.3158619
OH,2003,18018740,18760200,1803966,237.7820679,281.6072954,221.8657991,266.5661059
OH,2004,18878773,19375400,1797666,,,,
OH,2005,19746239,19785561,1778784,242.1059352,283.2517747,222.5332538,266.7672812
OH,2006,20957714,20589584,1769200,,,,
OH,2007,22142424,21336580,1758645,244.5327317,284.8516395,225.6669878,267.9789794
OH,2008,22746589,21951104,1743920,,,,
OH,2009,22779344,22427481,1729072,243.6875529,285.5830138,224.5321781,268.6782355
OH,2010,23247907,22701333,1669748,,,,
OH,2011,23488657,23010396,1655534,244.0386216,288.6025968,223.8282139,268.2839492
OH,2012,22799205,22662376,1630865,,,,
OH,2013,22536516,22015797,1613718,245.5497969,289.5280968,223.8877461,269.0869734
OH,2014,23297509,21847582,1601566,,,,
OH,2015,24378660,22561728,1600222,243.5985912,285.0619551,224.9304197,265.8792203
OH,2016,23766529,23352516,1595024,,,,
OH,2017,,,,240.9283721,287.7142663,225.2611381,268.4506416
OK,1990,,,,,263.1784748,,
OK,1992,,,,220.3198059,268.1319896,220.2767769,
OK,1993,1436505,1428916,312817,,,,
OK,1994,1518540,1529205,316322,,,,
OK,1995,3156526,3180275,609743,,,,
OK,1996,3185234,3195426,616436,,,,
OK,1997,3413742,3390894,620695,,,,
OK,1998,3559980,3617938,623681,,,219.5118215,265.3637984
OK,1999,3788901,3817848,628522,,,,
OK,2000,3906833,3876871,627032,225.0419222,271.6457939,,
OK,2001,4257128,4288405,623110,,,,
OK,2002,4370415,4467944,622115,,,213.3284156,262.012003
OK,2003,4426835,4376502,624202,229.0966213,271.9051513,213.5793571,261.719961
OK,2004,4622080,4400069,625826,,,,
OK,2005,4892548,4785987,629145,233.9553288,271.3599024,213.8614501,259.63136
OK,2006,5120286,5094695,634468,,,,
OK,2007,5491931,5505213,639032,236.8021942,274.5349894,216.955654,259.5472252
OK,2008,5780151,5667749,641682,,,,
OK,2009,6029807,5941799,644549,236.7809856,275.7119568,217.1906276,259.495771
OK,2010,5778507,5971651,653592,,,,
OK,2011,5835133,5644988,658163,237.4290823,279.1796082,215.4775857,260.1212646
OK,2012,5824963,5594867,664200,,,,
OK,2013,5878111,5796945,671445,238.9218775,275.506732,216.9888765,261.9314952
OK,2014,6034336,6026661,670069,,,,
OK,2015,6121188,6184819,671715,239.7604814,274.5859821,221.8305101,262.6731459
OK,2016,6103728,6184152,672777,,,,
OK,2017,,,,237.3262702,274.6888834,216.5877752,261.2369335
OR,1990,,,,,271.3624942,,
OR,1993,3141217,3149126,509814,,,,
OR,1994,3088542,3191792,518425,,,,
OR,1995,3302062,3255984,519284,,,,
OR,1996,3375710,3509765,527769,223.4761647,276.3415132,,
OR,1997,3477420,3792572,537675,,,,
OR,1998,3892091,3939722,540226,,,214.4420866,265.8071079
OR,1999,4080653,4172435,541436,,,,
OR,2000,4369400,4398318,542739,226.6294911,280.6402228,,
OR,2001,4561948,4715944,544756,,,,
OR,2002,4772603,4980466,549604,,,219.9369183,268.1445305
OR,2003,4592019,4978764,552135,236.3059056,280.8924709,217.6145353,264.0255699
OR,2004,5086083,5393871,549196,,,,
OR,2005,5022050,5597579,550502,238.3249306,282.2373254,216.8999802,263.1568908
OR,2006,5429145,5386128,556185,,,,
OR,2007,5648586,5634955,559643,236.0396573,283.8262772,215.0173234,265.7102102
OR,2008,6107684,6407512,562632,,,,
OR,2009,6158756,6715011,560726,238.0323272,285.0368144,218.1423405,265.0892467
OR,2010,6219779,6398065,560239,,,,
OR,2011,6112484,6317635,559631,236.914497,282.5182068,216.4401544,264.2256116
OR,2012,6124872,6314092,566525,,,,
OR,2013,6077498,6228197,564006,240.099252,283.5245891,219.1326742,268.2826627
OR,2014,6621363,6453635,566538,,,,
OR,2015,7111710,7011609,570376,237.7467089,282.8148994,220.22272,267.6705197
OR,2016,7418055,7501954,574252,,,,
OR,2017,,,,233.13246,282.1730284,217.531073,266.2166842
PA,1990,,,,,266.3639447,,
PA,1992,,,,224.3057316,271.3784388,220.6926529,
PA,1993,12269422,12809067,1719829,,,,
PA,1994,13271564,13701725,1720681,,,215.2683415,
PA,1995,13957035,14135826,1741698,,,,
PA,1996,14671368,15048791,1764117,226.2120147,,,
PA,1997,15184431,15777276,1781383,,,,
PA,1998,15671363,16432921,1791100,,,,
PA,1999,16361921,17113809,1787430,,,,
PA,2000,17090654,17861852,1782444,,,,
PA,2001,17792997,18666522,1771473,,,,
PA,2002,18586743,20018554,1766513,,,220.6363933,265.3205584
PA,2003,19811545,20626459,1757066,235.9470171,278.5377581,218.6984275,264.2673651
PA,2004,21104028,22054811,1756012,,,,
PA,2005,22657782,23183924,1755560,240.5729633,280.7138351,222.7719804,266.8219111
PA,2006,23950553,24195122,1752402,,,,
PA,2007,25334577,25627083,1760451,244.0012735,286.1668633,226.3536582,267.6656302
PA,2008,26357235,26597713,1718588,,,,
PA,2009,26755585,27328680,1687145,243.5878732,288.3041689,223.6794399,270.7005367
PA,2010,27883991,28231191,1682887,,,,
PA,2011,28492510,28810721,1670854,245.6549103,286.1027417,227.2364632,267.7505967
PA,2012,27881568,27851918,1644759,,,,
PA,2013,28484645,28495118,1623694,244.01262,289.6236516,226.4023236,272.0853653
PA,2014,29068069,28620630,1605292,,,,
PA,2015,29967185,29690645,1589429,243.3122399,283.6684154,226.6707741,268.7461208
PA,2016,31077289,30925177,1572593,,,,
PA,2017,,,,241.6723272,286.3938323,224.9247023,269.5538233
RI,1990,,,,,260.0408972,,
RI,1992,,,,215.4492482,265.9071091,216.6145207,
RI,1993,919594,901540,138939,,,,
RI,1994,1012987,994885,144918,,,219.9400977,
RI,1995,1089859,1056716,146609,,,,
RI,1996,1135192,1092459,148977,220.4180939,268.8773081,,
RI,1997,1185534,1175638,150433,,,,
RI,1998,1255280,1221558,152356,,,218.0275179,262.3251264
RI,1999,1358566,1289045,153710,,,,
RI,2000,1464820,1388454,155351,224.6338573,273.4257851,,
RI,2001,1592622,1504125,156275,,,,
RI,2002,1633707,1600087,156624,,,219.6235053,261.9034343
RI,2003,1728055,1646238,157286,230.297962,271.9986944,216.4940152,260.8795721
RI,2004,1836758,1745707,156997,,,,
RI,2005,1903472,1790591,153596,233.4367723,272.3450181,216.4398673,260.9683268
RI,2006,2004709,1983578,150112,,,,
RI,2007,2100679,2082332,147861,235.8779358,275.3869905,218.7614449,258.3211177
RI,2008,2173888,2175172,143812,,,,
RI,2009,2179714,2171376,141521,238.7668591,277.9237194,222.7048852,259.8855897
RI,2010,2207123,2187163,141023,,,,
RI,2011,2212352,2198940,139157,241.6247747,282.8756596,222.4815969,265.1195563
RI,2012,2208278,2190431,137400,,,,
RI,2013,2282659,2231413,136401,241.4167352,284.0922122,222.8022398,266.6770524
RI,2014,2313010,2258076,135084,,,,
RI,2015,2367068,2326473,134574,238.0017297,281.4452196,225.4855367,265.0508578
RI,2016,2401541,2358654,133856,,,,
RI,2017,,,,237.5549343,277.1801256,223.3534427,265.76786
SC,1992,,,,212.4967138,260.772544,209.7161784,
SC,1993,3031112,2994038,631613,,,,
SC,1994,3179542,3156251,634415,,,203.4161903,
SC,1995,3389646,3286673,638880,,,,
SC,1996,3594408,3493720,635678,213.1944149,260.7754476,,
SC,1997,3874045,3921465,641925,,,,
SC,1998,4109130,4241163,648084,,,210.4490389,254.523637
SC,1999,4365352,4610436,652731,,,,
SC,2000,4690418,4961392,666780,220.4170062,266.3536995,,
SC,2001,5437615,5492539,676681,,,,
SC,2002,5627004,5897462,674347,,,213.8588545,257.6407828
SC,2003,5709707,6024747,691736,235.7932235,277.3004496,214.8077245,258.0889914
SC,2004,5961494,6138231,696376,,,,
SC,2005,6337711,6572191,701176,238.3026753,281.2343211,213.2035072,257.1691046
SC,2006,6752813,7148083,699027,,,,
SC,2007,7130274,7660995,701580,237.1074115,281.5036015,213.8365272,257.4212028
SC,2008,7743317,8167262,710685,,,,
SC,2009,7669733,8427391,714290,235.6683025,280.3808554,215.9422982,257.2741846
SC,2010,7755419,8242553,715590,,,,
SC,2011,7772777,7961448,713511,237.303025,281.0001337,214.8998089,260.3070199
SC,2012,7889771,7948441,715744,,,,
SC,2013,8254462,8224795,722249,236.6258997,279.8246086,213.6465439,261.4490507
SC,2014,8417698,8452743,729386,,,,
SC,2015,8759944,8783362,737401,237.0895715,275.8278662,217.9696765,260.3314228
SC,2016,9161667,9187299,743320,,,,
SC,2017,,,,234.043993,274.6738211,213.1278354,259.7530024
SD,1993,465650,481665,107050,,,,
SD,1994,507927,525289,108439,,,,
SD,1995,684882,693964,135494,,,,
SD,1996,710728,689818,136394,,,,
SD,1997,747462,711052,135601,,,,
SD,1998,793101,781279,133698,,,,
SD,1999,825851,838078,131728,,,,
SD,2000,868161,898609,130279,,,,
SD,2001,886661,950595,127986,,,,
SD,2002,930874,981977,127129,,,,
SD,2003,965778,993823,127632,237.2648206,284.8817364,222.2731786,269.9710586
SD,2004,1007135,1012096,125156,,,,
SD,2005,1053504,1059303,124862,241.5941861,287.303618,222.3986921,268.5404356
SD,2006,1086433,1052315,121718,,,,
SD,2007,1136570,1096568,121158,241.2134286,288.4639253,223.3985267,269.5967634
SD,2008,1190917,1172715,121606,,,,
SD,2009,1258876,1273527,126624,242.0977898,290.6191277,222.1665928,270.0609902
SD,2010,1292742,1281632,123555,,,,
SD,2011,1297661,1350617,125613,240.9797923,290.6151968,219.8144463,268.9415376
SD,2012,1298723,1296971,127726,,,,
SD,2013,1316613,1332496,130296,240.9810997,287.2703906,217.9307449,268.1007728
SD,2014,1345549,1355439,130653,,,,
SD,2015,1415149,1464781,132836,239.7230949,284.6414057,220.4695246,267.079865
SD,2016,1455737,1475864,134045,,,,
SD,2017,,,,241.588947,286.3761595,221.7501229,267.3557266
TN,1992,,,,210.9482274,258.8280481,212.1371785,
TN,1993,3268642,3286481,844668,,,,
TN,1994,3535898,3661470,857014,,,212.5313941,
TN,1995,3870164,3958973,870594,,,,
TN,1996,4123018,4284181,881749,219.176248,263.118935,,
TN,1997,4390879,4695409,886517,,,,
TN,1998,4757639,4988208,876693,,,212.4037827,258.8597125
TN,1999,5059587,5446555,893842,,,,
TN,2000,5338531,5805181,907222,219.8355873,263.4365997,,
TN,2001,5560822,6165661,895839,,,,
TN,2002,5785857,6363357,897695,,,213.6939176,260.2764414
TN,2003,5994756,6482671,905050,227.7550447,268.1757286,211.9475411,258.1083646
TN,2004,6349101,6738601,911624,,,,
TN,2005,6806262,7067521,940769,231.6880797,270.5245768,214.2212693,259.0723418
TN,2006,7195519,7395357,953514,,,,
TN,2007,7617488,7817659,978084,232.7537101,273.9787866,215.7492686,259.1619549
TN,2008,8086152,8488521,966963,,,,
TN,2009,8112895,8611178,971484,231.8254862,274.7618211,216.7378111,260.9466762
TN,2010,8405025,8760367,971414,,,,
TN,2011,8679893,8961443,986382,232.901117,274.0387103,214.6402149,259.2083707
TN,2012,8983224,9256522,998638,,,,
TN,2013,9008032,9248235,992461,239.774787,277.7201273,219.7353947,265.3595046
TN,2014,9237782,9432883,992583,,,,
TN,2015,9455920,9562527,994530,240.6673957,278.2033807,218.6132644,264.771229
TN,2016,9585331,9680512,999265,,,,
TN,2017,,,,236.6925154,278.7777355,218.9527971,262.0468529
TX,1990,,,,,258.1899869,,
TX,1992,,,,217.9187445,264.5928284,212.5049222,
TX,1993,20267205,18574871,3535333,,,,
TX,1994,19713604,19224149,3601627,,,212.394311,
TX,1995,20483376,20198924,3670007,,,,
TX,1996,22241369,22401797,3740260,228.7129198,270.1995776,,
TX,1997,23091567,23671010,3826366,,,,
TX,1998,24485263,25723965,3888061,,,216.8620124,262.1698947
TX,1999,26096023,27883593,3933017,,,,
TX,2000,28918934,31067935,3965971,232.6660297,274.8460159,,
TX,2001,30868844,33201450,4021535,,,,
TX,2002,32802734,35668486,4112315,,,216.9322417,262.1004242
TX,2003,35143236,37333674,4201914,237.3059218,277.052649,214.8080056,258.777258
TX,2004,36055119,38150452,4267330,,,,
TX,2005,37783715,40302144,4334611,241.9909163,281.102845,218.733824,258.191598
TX,2006,41142403,43394244,4450272,,,,
TX,2007,44355326,45920825,4513835,242.3397599,285.8707084,219.6043131,260.8129192
TX,2008,46245975,50205827,4581517,,,,
TX,2009,48087531,53575273,4647205,240.4646237,286.6850767,218.8582724,260.368795
TX,2010,50559500,53810244,4728815,,,,
TX,2011,51023159,52691826,4800196,241.1017937,290.3467094,218.3208446,261.4283909
TX,2012,49979753,50215314,4844744,,,,
TX,2013,49734537,50674724,4897523,241.9262887,288.1989676,216.9095971,263.6841377
TX,2014,52776853,53096761,4949469,,,,
TX,2015,55582029,56255791,5004866,244.002472,283.7935403,217.942913,260.655136
TX,2016,58284155,59314884,5053291,,,,
TX,2017,,,,240.9436707,282.3205103,214.8784935,260.3425765
UT,1992,,,,224.0422477,274.3431771,220.3902311,
UT,1993,1638305,1665011,462323,,,,
UT,1994,1792011,1846448,469811,,,217.3303928,
UT,1995,1953833,2045331,472589,,,,
UT,1996,2035726,2150719,474907,226.5158412,276.7731058,,
UT,1997,2187279,2178778,479812,,,,
UT,1998,2295870,2326611,480811,,,215.4091913,264.6196647
UT,1999,2425600,2448591,478814,,,,
UT,2000,2546642,2478420,477835,227.2926732,275.4367099,,
UT,2001,2741771,2669621,477380,,,,
UT,2002,2865058,2924051,480526,,,221.5141806,263.2836376
UT,2003,2875622,2957874,483066,234.7829509,280.6453697,219.2703384,264.3034426
UT,2004,2997200,3066684,487311,,,,
UT,2005,3181279,3188018,488055,238.7974238,279.1561234,221.3109271,261.8708721
UT,2006,3381146,3371338,496507,,,,
UT,2007,3656090,3618540,504079,239.4049889,281.0874737,221.2614281,262.2280247
UT,2008,4198001,4337917,556314,,,,
UT,2009,4238943,4419750,532433,240.3187126,284.0682519,219.2041302,265.5915771
UT,2010,4250259,4326951,538676,,,,
UT,2011,4141253,4195916,545395,242.5375131,283.3083321,220.4160345,267.0874061
UT,2012,4217360,4330417,553873,,,,
UT,2013,4300793,4584624,562315,242.8206887,284.3314862,222.7676355,270.0419258
UT,2014,4405929,4385896,570423,,,,
UT,2015,4705084,4537962,573913,242.5627871,286.1169112,226.1430749,269.4306647
UT,2016,4952923,4923657,580215,,,,
UT,2017,,,,242.4807662,286.8165591,225.1591729,268.7524197
VT,1993,837540,809853,97454,,,,
VT,1994,892124,869710,98377,,,,
VT,1995,934916,891398,100317,,,,
VT,1996,965238,975817,101064,224.8810601,279.253243,,
VT,1997,1022546,1069297,101584,,,,
VT,1998,1089658,1064388,101413,,,,
VT,1999,1147600,1129982,100348,,,,
VT,2000,1211370,1193813,99609,231.6977364,283.4083814,,
VT,2001,1300273,1306513,97715,,,,
VT,2002,1387074,1392880,96427,,,226.9612274,271.8345898
VT,2003,1451171,1440961,94901,241.9260724,285.6455722,226.1217466,270.519439
VT,2004,1525776,1550157,93705,,,,
VT,2005,1628681,1634534,92819,243.5288554,287.3564876,226.886251,268.7724206
VT,2006,1725093,1711762,90850,,,,
VT,2007,1836316,1804519,89329,246.357405,291.0107738,228.2485382,273.0457572
VT,2008,1888635,1888133,87919,,,,
VT,2009,1683034,1661019,86320,247.7672261,292.8660964,228.7357836,272.3051342
VT,2010,1749898,1719870,87750,,,,
VT,2011,1686499,1722515,86982,246.6397299,293.8825771,226.7716427,273.840765
VT,2012,1754161,1726321,87968,,,,
VT,2013,1817307,1809138,89200,247.8032947,295.4695624,227.9865191,274.3685477
VT,2014,1895044,1876197,87990,,,,
VT,2015,1996795,1969415,85184,243.2503992,290.3551912,230.0986166,273.9618314
VT,2016,2112365,2082696,87974,,,,
VT,2017,,,,240.8932972,287.6233882,226.4453434,273.4026403
VA,1990,,,,,264.2730113,,
VA,1992,,,,220.7629642,267.8637263,220.7534946,
VA,1993,5918536,5955333,1032842,,,,
VA,1994,6125739,6276362,1044721,,,213.4572859,
VA,1995,6354418,6590998,1060809,,,,
VA,1996,6674519,6903384,1079854,222.643213,269.7544047,,
VA,1997,7345090,7436340,1096279,,,,
VA,1998,7723744,7813707,1110815,,,218.3527284,266.4196869
VA,1999,8331336,8335873,1122858,,,,
VA,2000,8911426,9154676,1132673,230.3948089,276.6749915,,
VA,2001,9493862,9862715,1143807,,,,
VA,2002,9914221,10209197,1162045,,,225.0094358,269.1974505
VA,2003,10504167,10746679,1175458,239.2030891,281.6766434,223.3403592,268.0048171
VA,2004,11151172,11404055,1191035,,,,
VA,2005,12182657,12385157,1203697,240.4975682,284.3716282,225.8137107,267.8089667
VA,2006,13153845,13481336,1213616,,,,
VA,2007,14176385,14700853,1220440,243.5211298,287.625905,227.1367249,266.8787375
VA,2008,14768120,15236306,1230857,,,,
VA,2009,15251481,15510318,1235064,243.0712969,286.069755,226.527568,265.6419817
VA,2010,14937195,14919831,1244673,,,,
VA,2011,14655345,14675815,1250852,245.3336181,289.2554112,226.3784347,267.2728912
VA,2012,14940479,15129464,1257332,,,,
VA,2013,15322318,15634918,1264880,246.1774569,288.1429595,228.5557377,267.5898643
VA,2014,15347862,15690444,1273211,,,,
VA,2015,15857524,16113212,1279867,246.6126217,287.7092987,228.971255,266.8360535
VA,2016,16259274,16497520,1283493,,,,
VA,2017,,,,248.0410591,290.0814074,227.5983822,267.7447785
WA,1993,5270961,5791436,896197,,,,
WA,1994,5739012,5968590,915952,,,212.6953858,
WA,1995,5985425,6200754,938314,,,,
WA,1996,6354593,6578388,956572,225.0532981,276.1171196,,
WA,1997,6667626,6792261,974504,,,,
WA,1998,6928738,7211601,991235,,,216.8469671,264.7139043
WA,1999,7288143,7489129,999616,,,,
WA,2000,7620930,7811937,1003714,,,,
WA,2001,7936037,8026334,1004843,,,,
WA,2002,8250593,8362656,1009200,,,223.6559327,268.1681543
WA,2003,8565636,8802387,1014577,238.2928395,281.1513644,221.0966951,264.4940665
WA,2004,8790531,9009980,1020990,,,,
WA,2005,9141383,9399603,1019925,241.6846745,285.0522297,223.4863979,264.6565519
WA,2006,9679682,9915617,1031668,,,,
WA,2007,10350748,10682397,1026121,242.542232,284.8628043,223.9993368,264.9477781
WA,2008,11195224,11677666,1029576,,,,
WA,2009,12025012,12240632,1035907,242.2570912,288.7223756,221.3301104,266.9176171
WA,2010,11919090,11820814,1034735,,,,
WA,2011,11905941,11928408,1042979,243.1828847,288.1077619,220.528788,267.5774737
WA,2012,11955582,12187889,1044856,,,,
WA,2013,12242231,12097549,1050901,246.2883381,289.9569887,225.0488633,272.0361244
WA,2014,13040197,12806300,1057773,,,,
WA,2015,13709442,13630138,1072359,244.9814222,286.5131076,225.8928891,267.2508807
WA,2016,14964364,15253296,1083973,,,,
WA,2017,,,,241.701001,289.1312572,223.1234088,271.617023
WV,1990,,,,,255.8990601,,
WV,1992,,,,215.2689284,259.0864484,215.5355951,
WV,1993,1832154,1829848,317719,,,,
WV,1994,1854403,1843973,313750,,,213.1469347,
WV,1995,1916605,1925100,310231,,,,
WV,1996,1958647,1936848,306451,223.3501327,264.8652054,,
WV,1997,2053981,2018185,303441,,,,
WV,1998,2178936,2100841,300737,,,216.4432512,261.5779209
WV,1999,2190420,2169432,296551,,,,
WV,2000,2243151,2243563,290982,224.8482981,270.7800763,,
WV,2001,2321731,2310098,285785,,,,
WV,2002,2413744,2427316,282145,,,218.7777941,263.6897811
WV,2003,2497707,2524444,281591,230.7677485,270.7703534,219.1795245,259.5642379
WV,2004,2585084,2603996,280561,,,,
WV,2005,2701056,2698703,279456,230.8432679,269.0994928,214.7670664,255.0733796
WV,2006,2814536,2852607,279788,,,,
WV,2007,2905489,2983267,281298,236.3378058,270.0840936,215.1305555,254.9985524
WV,2008,2965828,3068910,281735,,,,
WV,2009,3097212,3121728,281908,232.9831445,270.4157659,214.5202002,254.7997475
WV,2010,3176874,3484593,281828,,,,
WV,2011,3475642,3670119,282130,234.6558068,273.2631731,214.3860242,256.1068616
WV,2012,3970941,3536971,282088,,,,
WV,2013,3486366,3488877,282310,237.4406327,274.4301347,214.6634013,257.3835093
WV,2014,3514889,3499873,280265,,,,
WV,2015,3478401,3466981,279565,235.2046615,271.4507088,216.2532879,260.1852726
WV,2016,3391579,3366566,276764,,,,
WV,2017,,,,236.0570189,273.4158536,217.3163962,258.7003036
WI,1990,,,,,274.4873723,,
WI,1992,,,,228.6920011,277.8791346,223.6080707,
WI,1993,5357945,5640718,829085,,,,
WI,1994,5682439,5860230,843747,,,224.1745453,
WI,1995,6006745,6056854,865374,,,,
WI,1996,6342623,6521058,869930,231.4118515,282.8487417,,
WI,1997,6724752,6990489,879021,,,,
WI,1998,7083655,7532110,881552,,,224.3472318,265.976765
WI,1999,7415243,7875805,878983,,,,
WI,2000,7848352,8183251,877165,,,,
WI,2001,8363904,8574804,875569,,,,
WI,2002,8624767,8863966,875216,,,,
WI,2003,8931497,9128279,875390,236.755414,283.9158657,220.8334276,266.4686176
WI,2004,9183588,9126345,874233,,,,
WI,2005,9584108,9433502,869301,240.5685819,284.5415566,221.1642265,266.2285608
WI,2006,9855692,9779642,869596,,,,
WI,2007,10154985,9988878,870584,244.1812142,285.6179425,223.3180098,264.1845096
WI,2008,10619354,10545964,867929,,,,
WI,2009,10991081,10880480,867035,243.5852535,288.1407262,220.1355406,265.8126157
WI,2010,11289720,11116821,864898,,,,
WI,2011,11664303,11440718,864251,244.6918655,288.6659327,221.2399069,267.1670297
WI,2012,11139967,10724377,863314,,,,
WI,2013,11097447,10845059,863737,244.7062916,288.7457808,220.8181034,267.5429942
WI,2014,11330253,11255186,865119,,,,
WI,2015,11637376,11553677,861813,243.3102113,289.0777492,223.3563555,269.5337264
WI,2016,11697466,11787535,857736,,,,
WI,2017,,,,240.3892134,288.1431443,219.6126943,269.3714564
WY,1990,,,,,272.1479655,,
WY,1992,,,,225.3775916,275.0800761,222.9831866,
WY,1993,615130,614807,100313,,,,
WY,1994,674921,623146,100899,,,221.1855559,
WY,1995,634237,642935,100314,,,,
WY,1996,664057,676305,99859,223.1960029,274.778947,,
WY,1997,660079,695127,98777,,,,
WY,1998,703280,706801,96504,,,219.0107796,262.1189861
WY,1999,780875,739019,94420,,,,
WY,2000,787323,769923,91883,229.2519227,276.6899803,,
WY,2001,804297,787949,89711,,,,
WY,2002,908719,868607,87897,,,221.1297536,264.9384658
WY,2003,962240,915515,85966,241.0857006,283.5033499,222.0751664,267.0010285
WY,2004,974888,953916,86925,,,,
WY,2005,1132160,1033603,84146,242.9559138,282.1006096,223.262146,268.1242349
WY,2006,1150345,1146527,86155,,,,
WY,2007,1477891,1390344,85034,243.8669151,286.9877715,225.2894833,266.2255436
WY,2008,1602514,1517325,85991,,,,
WY,2009,1675761,1658156,86971,242.0091957,286.104034,222.6521963,268.1594281
WY,2010,1718605,1696177,87379,,,,
WY,2011,1650621,1656850,88165,243.874435,287.767926,224.0622781,269.5687297
WY,2012,1664983,1670728,89994,,,,
WY,2013,1695967,1675477,91533,246.5224009,288.1191373,225.848975,270.9661722
WY,2014,1772633,1775999,92732,,,,
WY,2015,1962874,1942406,93867,246.7597645,286.6665471,228.1608028,268.8033631
WY,2016,2044669,2034229,94511,,,,
WY,2017,,,,247.8206192,288.7618117,226.831211,269.0200282
